1, 0.939, 0.000100
2, 0.940, 0.000100
3, 0.941, 0.000100
4, 0.940, 0.000100
5, 0.941, 0.000100
6, 0.940, 0.000100
7, 0.941, 0.000100
8, 0.941, 0.000100
9, 0.941, 0.000100
10, 0.941, 0.000100
1, 0.940, 0.000010
2, 0.940, 0.000010
3, 0.940, 0.000010
4, 0.940, 0.000010
5, 0.940, 0.000010
6, 0.940, 0.000010
7, 0.940, 0.000010
8, 0.940, 0.000010
9, 0.940, 0.000010
1, 0.940, 0.000100
2, 0.940, 0.000100
3, 0.941, 0.000100
4, 0.941, 0.000100
5, 0.940, 0.000100
6, 0.941, 0.000100
7, 0.940, 0.000100
8, 0.941, 0.000100
9, 0.941, 0.000100
10, 0.941, 0.000100
11, 0.941, 0.000100
12, 0.940, 0.000100
13, 0.941, 0.000100
14, 0.940, 0.000100
15, 0.940, 0.000100
16, 0.941, 0.000100
17, 0.941, 0.000100
18, 0.941, 0.000100
19, 0.941, 0.000100
20, 0.941, 0.000100
21, 0.941, 0.000100
22, 0.941, 0.000100
23, 0.941, 0.000100
24, 0.941, 0.000100
25, 0.940, 0.000100
26, 0.940, 0.000100
27, 0.940, 0.000100
28, 0.941, 0.000100
29, 0.941, 0.000100
30, 0.942, 0.000100
31, 0.942, 0.000100
32, 0.942, 0.000100
33, 0.941, 0.000100
34, 0.942, 0.000100
35, 0.941, 0.000100
36, 0.941, 0.000100
37, 0.941, 0.000100
38, 0.941, 0.000100
39, 0.941, 0.000100
40, 0.941, 0.000100
41, 0.941, 0.000100
42, 0.941, 0.000100
43, 0.941, 0.000100
44, 0.941, 0.000100
45, 0.941, 0.000100
46, 0.941, 0.000100
47, 0.940, 0.000100
48, 0.942, 0.000100
49, 0.941, 0.000100
50, 0.941, 0.000100
51, 0.941, 0.000100
52, 0.941, 0.000100
53, 0.941, 0.000100
54, 0.940, 0.000100
55, 0.940, 0.000100
56, 0.941, 0.000100
57, 0.941, 0.000100
58, 0.941, 0.000100
59, 0.941, 0.000100
60, 0.940, 0.000100
61, 0.941, 0.000100
62, 0.941, 0.000100
63, 0.941, 0.000100
64, 0.940, 0.000100
65, 0.941, 0.000100
66, 0.941, 0.000100
67, 0.940, 0.000100
68, 0.941, 0.000100
69, 0.940, 0.000100
70, 0.941, 0.000100
71, 0.940, 0.000100
72, 0.940, 0.000100
73, 0.941, 0.000100
74, 0.941, 0.000100
75, 0.940, 0.000100
76, 0.941, 0.000100
77, 0.940, 0.000100
78, 0.940, 0.000100
79, 0.941, 0.000100
80, 0.940, 0.000100
81, 0.941, 0.000100
82, 0.941, 0.000100
83, 0.941, 0.000100
84, 0.941, 0.000100
85, 0.940, 0.000100
86, 0.941, 0.000100
87, 0.940, 0.000100
88, 0.941, 0.000100
89, 0.940, 0.000100
90, 0.940, 0.000100
91, 0.940, 0.000100
92, 0.940, 0.000100
93, 0.940, 0.000100
94, 0.940, 0.000100
95, 0.940, 0.000100
96, 0.940, 0.000100
97, 0.940, 0.000100
98, 0.940, 0.000100
99, 0.941, 0.000100
100, 0.940, 0.000100
101, 0.940, 0.000100
102, 0.940, 0.000100
103, 0.940, 0.000100
104, 0.940, 0.000100
105, 0.940, 0.000100
106, 0.940, 0.000100
107, 0.941, 0.000100
108, 0.940, 0.000100
109, 0.941, 0.000100
110, 0.940, 0.000100
111, 0.940, 0.000100
112, 0.939, 0.000100
113, 0.940, 0.000100
114, 0.939, 0.000100
115, 0.940, 0.000100
116, 0.939, 0.000100
117, 0.940, 0.000100
118, 0.939, 0.000100
119, 0.939, 0.000100
120, 0.940, 0.000100
121, 0.940, 0.000100
122, 0.941, 0.000100
123, 0.940, 0.000100
124, 0.939, 0.000100
125, 0.939, 0.000100
126, 0.939, 0.000100
127, 0.940, 0.000100
128, 0.940, 0.000100
129, 0.939, 0.000100
130, 0.939, 0.000100
131, 0.940, 0.000100
132, 0.939, 0.000100
133, 0.940, 0.000100
134, 0.940, 0.000100
135, 0.939, 0.000100
136, 0.940, 0.000100
137, 0.939, 0.000100
138, 0.939, 0.000100
139, 0.940, 0.000100
140, 0.940, 0.000100
141, 0.940, 0.000100
142, 0.940, 0.000100
143, 0.941, 0.000100
144, 0.939, 0.000100
145, 0.939, 0.000100
146, 0.940, 0.000100
147, 0.940, 0.000100
148, 0.940, 0.000100
149, 0.940, 0.000100
150, 0.939, 0.000100
151, 0.940, 0.000100
152, 0.939, 0.000100
153, 0.940, 0.000100
154, 0.940, 0.000100
155, 0.939, 0.000100
156, 0.940, 0.000100

Add data enhance
1, 0.940, 0.000100
2, 0.940, 0.000100
3, 0.941, 0.000100
4, 0.941, 0.000100
5, 0.941, 0.000100
6, 0.941, 0.000100
7, 0.941, 0.000100
8, 0.941, 0.000100
9, 0.940, 0.000100
10, 0.941, 0.000100
11, 0.942, 0.000100
12, 0.942, 0.000100
13, 0.941, 0.000100
14, 0.941, 0.000100
15, 0.942, 0.000100
16, 0.942, 0.000100
17, 0.942, 0.000100
18, 0.941, 0.000100
19, 0.942, 0.000100
20, 0.941, 0.000100

Use sgdr
initial lr = 0.001
1, 0.940, 0.000905
2, 0.939, 0.000655
3, 0.940, 0.000345
4, 0.940, 0.000095
5, 0.939, 0.001000
6, 0.940, 0.000976
7, 0.939, 0.000905
8, 0.939, 0.000794
9, 0.940, 0.000655
10, 0.940, 0.000500
11, 0.939, 0.000345
12, 0.940, 0.000206
13, 0.939, 0.000095
14, 0.939, 0.000024
15, 0.940, 0.001000

initial lr = 0.01

1, 0.920, 0.009045
2, 0.924, 0.006545
3, 0.938, 0.003455
4, 0.939, 0.000955
5, 0.913, 0.010000
6, 0.919, 0.009755
7, 0.916, 0.009045
8, 0.921, 0.007939
9, 0.928, 0.006545
10, 0.931, 0.005000
11, 0.935, 0.003455
12, 0.937, 0.002061
13, 0.939, 0.000955
14, 0.939, 0.000245
15, 0.919, 0.010000
16, 0.918, 0.009938
17, 0.917, 0.009755
18, 0.914, 0.009455
19, 0.923, 0.009045
20, 0.922, 0.008536
21, 0.928, 0.007939
22, 0.928, 0.007270
23, 0.928, 0.006545

not use sgdr
1, 0.940, 0.000100
2, 0.940, 0.000100
3, 0.941, 0.000010
4, 0.940, 0.000010
5, 0.940, 0.000010
6, 0.940, 0.000001
7, 0.941, 0.000001
8, 0.940, 0.000001
9, 0.941, 0.000000
10, 0.941, 0.000000

use cutout and mixup
1, 0.849, 0.000100
2, 0.864, 0.000100
3, 0.861, 0.000100
4, 0.895, 0.000100
5, 0.888, 0.000100
6, 0.878, 0.000100
7, 0.907, 0.000100
8, 0.924, 0.000100
9, 0.916, 0.000100
10, 0.906, 0.000100
11, 0.916, 0.000100
12, 0.916, 0.000100

adjust initial lr to 0.001
1, 0.918, 0.001000
2, 0.906, 0.001000
3, 0.930, 0.001000
4, 0.903, 0.001000
5, 0.928, 0.001000

1, 0.919, 0.001000
2, 0.920, 0.001000
3, 0.916, 0.001000
4, 0.926, 0.001000
5, 0.913, 0.001000
6, 0.932, 0.001000
7, 0.930, 0.001000
8, 0.920, 0.001000
9, 0.921, 0.001000
10, 0.928, 0.001000
11, 0.908, 0.001000
12, 0.933, 0.001000
13, 0.935, 0.001000
14, 0.922, 0.001000
15, 0.924, 0.001000
16, 0.929, 0.001000
17, 0.919, 0.001000
18, 0.933, 0.001000
19, 0.937, 0.001000
20, 0.933, 0.001000
21, 0.943, 0.001000
22, 0.941, 0.001000
23, 0.939, 0.001000
24, 0.938, 0.001000
25, 0.928, 0.001000
26, 0.911, 0.001000
27, 0.926, 0.001000
28, 0.933, 0.001000
29, 0.941, 0.001000
30, 0.935, 0.001000
31, 0.934, 0.001000
32, 0.941, 0.001000
33, 0.931, 0.000100
34, 0.943, 0.000100
35, 0.935, 0.000100
36, 0.945, 0.000100
37, 0.943, 0.000100
38, 0.942, 0.000100
39, 0.929, 0.000100
40, 0.942, 0.000100
41, 0.935, 0.000100
42, 0.930, 0.000100
43, 0.946, 0.000100
44, 0.914, 0.000100
45, 0.924, 0.000100
46, 0.934, 0.000100
47, 0.930, 0.000100
48, 0.932, 0.000100
49, 0.934, 0.000100
50, 0.946, 0.000100
51, 0.947, 0.000100
52, 0.921, 0.000100
53, 0.927, 0.000100
54, 0.946, 0.000100
55, 0.945, 0.000100
56, 0.941, 0.000100
57, 0.946, 0.000100
58, 0.929, 0.000100
59, 0.940, 0.000100
60, 0.937, 0.000100
61, 0.943, 0.000100
62, 0.943, 0.000100
63, 0.945, 0.000100
64, 0.947, 0.000100
65, 0.944, 0.000100
66, 0.945, 0.000010
67, 0.944, 0.000010
68, 0.946, 0.000010
69, 0.945, 0.000010
70, 0.934, 0.000010
71, 0.944, 0.000010
72, 0.947, 0.000010
73, 0.945, 0.000010
74, 0.934, 0.000010
75, 0.946, 0.000010
76, 0.945, 0.000010
77, 0.945, 0.000010
78, 0.946, 0.000010
79, 0.944, 0.000010
80, 0.945, 0.000010
81, 0.945, 0.000010
82, 0.944, 0.000010
83, 0.945, 0.000010
84, 0.938, 0.000010
85, 0.945, 0.000010
86, 0.945, 0.000010
87, 0.940, 0.000010
88, 0.946, 0.000010
89, 0.941, 0.000010
90, 0.944, 0.000010
91, 0.946, 0.000010
92, 0.945, 0.000010
93, 0.943, 0.000010
94, 0.946, 0.000010
95, 0.943, 0.000010
96, 0.943, 0.000010
97, 0.938, 0.000010
98, 0.939, 0.000010
99, 0.943, 0.000001
100, 0.946, 0.000001

use normal enhance

1, 0.922, 0.001000
2, 0.922, 0.001000
3, 0.932, 0.001000
4, 0.940, 0.001000
5, 0.931, 0.001000
6, 0.935, 0.001000
7, 0.939, 0.001000
8, 0.934, 0.001000
9, 0.935, 0.001000
10, 0.933, 0.001000
11, 0.941, 0.001000
12, 0.938, 0.001000
13, 0.938, 0.001000
14, 0.936, 0.001000
15, 0.935, 0.001000
16, 0.933, 0.001000
17, 0.932, 0.001000
18, 0.940, 0.001000
19, 0.933, 0.001000
20, 0.924, 0.001000
21, 0.941, 0.001000
22, 0.938, 0.001000
23, 0.931, 0.001000
24, 0.939, 0.001000
25, 0.934, 0.001000
26, 0.929, 0.001000
27, 0.939, 0.001000
28, 0.939, 0.001000
29, 0.941, 0.001000
30, 0.937, 0.001000
31, 0.939, 0.001000
32, 0.940, 0.001000
33, 0.937, 0.000100
34, 0.938, 0.000100
35, 0.940, 0.000100
36, 0.942, 0.000100
37, 0.938, 0.000100
38, 0.935, 0.000100
39, 0.936, 0.000100
40, 0.936, 0.000100
41, 0.940, 0.000100
42, 0.942, 0.000100
43, 0.936, 0.000100
44, 0.937, 0.000100
45, 0.940, 0.000100
46, 0.933, 0.000100
47, 0.940, 0.000100
48, 0.940, 0.000100
49, 0.939, 0.000100
50, 0.935, 0.000100
51, 0.937, 0.000100
52, 0.941, 0.000100
53, 0.943, 0.000100
54, 0.938, 0.000100
55, 0.943, 0.000100
56, 0.941, 0.000100
57, 0.939, 0.000100
58, 0.942, 0.000100
59, 0.939, 0.000100
60, 0.938, 0.000100
61, 0.940, 0.000100
62, 0.941, 0.000100
63, 0.937, 0.000100
64, 0.930, 0.000100
65, 0.939, 0.000100
66, 0.938, 0.000010
67, 0.940, 0.000010
68, 0.942, 0.000010
69, 0.941, 0.000010
70, 0.942, 0.000010
71, 0.942, 0.000010
72, 0.943, 0.000010
73, 0.936, 0.000010
74, 0.940, 0.000010
75, 0.943, 0.000010
76, 0.943, 0.000010
77, 0.940, 0.000010
78, 0.940, 0.000010
79, 0.938, 0.000010
80, 0.940, 0.000010
81, 0.938, 0.000010
82, 0.938, 0.000010
83, 0.943, 0.000010
84, 0.943, 0.000010
85, 0.940, 0.000010
86, 0.941, 0.000010
87, 0.939, 0.000010
88, 0.942, 0.000010
89, 0.938, 0.000010
90, 0.942, 0.000010
91, 0.942, 0.000010
92, 0.939, 0.000010
93, 0.938, 0.000010
94, 0.945, 0.000010
95, 0.936, 0.000010
96, 0.941, 0.000010
97, 0.941, 0.000010
98, 0.939, 0.000010
99, 0.939, 0.000001
100, 0.933, 0.000001

25layer 0.936 with cutout train 1000 epoch

1, 0.910, 0.001000
2, 0.913, 0.001000
3, 0.913, 0.001000
4, 0.918, 0.001000
5, 0.916, 0.001000
6, 0.912, 0.001000
7, 0.919, 0.001000
8, 0.916, 0.001000
9, 0.918, 0.001000
10, 0.919, 0.001000
11, 0.918, 0.001000
12, 0.919, 0.001000
13, 0.924, 0.001000
14, 0.922, 0.001000
15, 0.924, 0.001000
16, 0.917, 0.001000
17, 0.923, 0.001000
18, 0.924, 0.001000
19, 0.928, 0.001000
20, 0.927, 0.001000
21, 0.926, 0.001000
22, 0.927, 0.001000
23, 0.927, 0.001000
24, 0.926, 0.001000
25, 0.925, 0.001000
26, 0.925, 0.001000
27, 0.927, 0.001000
28, 0.928, 0.001000
29, 0.927, 0.001000
30, 0.932, 0.001000
31, 0.931, 0.001000
32, 0.935, 0.001000
33, 0.934, 0.001000
34, 0.930, 0.001000
35, 0.927, 0.001000
36, 0.930, 0.001000
37, 0.931, 0.001000
38, 0.933, 0.001000
39, 0.929, 0.001000
40, 0.927, 0.001000
41, 0.927, 0.001000
42, 0.930, 0.001000
43, 0.931, 0.001000
44, 0.931, 0.001000
45, 0.927, 0.001000
46, 0.928, 0.001000
47, 0.931, 0.001000
48, 0.932, 0.001000
49, 0.930, 0.001000
50, 0.935, 0.001000
51, 0.934, 0.001000
52, 0.932, 0.001000
53, 0.936, 0.001000
54, 0.934, 0.001000
55, 0.936, 0.001000
56, 0.933, 0.001000
57, 0.933, 0.001000
58, 0.933, 0.001000
59, 0.936, 0.001000
60, 0.934, 0.001000
61, 0.932, 0.001000
62, 0.934, 0.001000
63, 0.934, 0.001000
64, 0.935, 0.001000
65, 0.935, 0.001000
66, 0.935, 0.001000
67, 0.935, 0.001000
68, 0.933, 0.001000
69, 0.932, 0.001000
70, 0.937, 0.001000
71, 0.936, 0.001000
72, 0.937, 0.001000
73, 0.931, 0.001000
74, 0.935, 0.001000
75, 0.934, 0.001000
76, 0.932, 0.001000
77, 0.931, 0.001000
78, 0.934, 0.001000
79, 0.935, 0.001000
80, 0.934, 0.001000
81, 0.938, 0.001000
82, 0.936, 0.001000
83, 0.934, 0.001000
84, 0.931, 0.001000
85, 0.934, 0.001000
86, 0.933, 0.001000
87, 0.935, 0.001000
88, 0.938, 0.001000
89, 0.935, 0.001000
90, 0.933, 0.001000
91, 0.927, 0.001000
92, 0.932, 0.001000
93, 0.935, 0.001000
94, 0.937, 0.001000
95, 0.937, 0.001000
96, 0.935, 0.001000
97, 0.935, 0.001000
98, 0.937, 0.001000
99, 0.934, 0.001000
100, 0.932, 0.001000
101, 0.938, 0.001000
102, 0.937, 0.001000
103, 0.936, 0.001000
104, 0.932, 0.001000
105, 0.933, 0.001000
106, 0.933, 0.001000
107, 0.936, 0.001000
108, 0.936, 0.001000
109, 0.937, 0.001000
110, 0.937, 0.001000
111, 0.935, 0.001000
112, 0.932, 0.001000
113, 0.939, 0.001000
114, 0.937, 0.001000
115, 0.936, 0.001000
116, 0.937, 0.001000
117, 0.938, 0.001000
118, 0.933, 0.001000
119, 0.934, 0.001000
120, 0.935, 0.001000
121, 0.933, 0.001000
122, 0.938, 0.001000
123, 0.933, 0.001000
124, 0.937, 0.001000
125, 0.936, 0.001000
126, 0.933, 0.001000
127, 0.938, 0.001000
128, 0.936, 0.001000
129, 0.934, 0.001000
130, 0.935, 0.001000
131, 0.939, 0.001000
132, 0.936, 0.001000
133, 0.936, 0.001000
134, 0.934, 0.001000
135, 0.935, 0.001000
136, 0.934, 0.001000
137, 0.936, 0.001000
138, 0.938, 0.001000
139, 0.940, 0.001000
140, 0.933, 0.001000
141, 0.935, 0.001000
142, 0.936, 0.001000
143, 0.935, 0.001000
144, 0.937, 0.001000
145, 0.936, 0.001000
146, 0.933, 0.001000
147, 0.937, 0.001000
148, 0.937, 0.001000
149, 0.937, 0.001000
150, 0.936, 0.001000
151, 0.937, 0.001000
152, 0.934, 0.001000
153, 0.939, 0.001000
154, 0.937, 0.001000
155, 0.932, 0.001000
156, 0.937, 0.001000
157, 0.934, 0.001000
158, 0.941, 0.001000
159, 0.936, 0.001000
160, 0.938, 0.001000
161, 0.934, 0.001000
162, 0.935, 0.001000
163, 0.936, 0.001000
164, 0.936, 0.001000
165, 0.935, 0.001000
166, 0.933, 0.001000
167, 0.935, 0.001000
168, 0.933, 0.001000
169, 0.934, 0.001000
170, 0.935, 0.001000
171, 0.932, 0.001000
172, 0.936, 0.001000
173, 0.933, 0.001000
174, 0.936, 0.001000
175, 0.936, 0.001000
176, 0.927, 0.001000
177, 0.936, 0.001000
178, 0.936, 0.001000
179, 0.930, 0.001000
180, 0.934, 0.001000
181, 0.939, 0.001000
182, 0.936, 0.001000
183, 0.938, 0.001000
184, 0.935, 0.001000
185, 0.932, 0.001000
186, 0.940, 0.001000
187, 0.935, 0.001000
188, 0.934, 0.001000
189, 0.933, 0.001000
190, 0.937, 0.001000
191, 0.937, 0.001000
192, 0.937, 0.001000
193, 0.936, 0.001000
194, 0.938, 0.001000
195, 0.938, 0.001000
196, 0.937, 0.001000
197, 0.933, 0.001000
198, 0.937, 0.001000
199, 0.939, 0.001000
200, 0.935, 0.001000
201, 0.939, 0.001000
202, 0.938, 0.001000
203, 0.933, 0.001000
204, 0.938, 0.001000
205, 0.936, 0.001000
206, 0.935, 0.001000
207, 0.934, 0.001000
208, 0.936, 0.001000
209, 0.936, 0.001000
210, 0.937, 0.001000
211, 0.938, 0.001000
212, 0.933, 0.001000
213, 0.934, 0.001000
214, 0.932, 0.001000
215, 0.933, 0.001000
216, 0.935, 0.001000
217, 0.936, 0.001000
218, 0.934, 0.001000
219, 0.936, 0.001000
220, 0.936, 0.001000
221, 0.936, 0.001000
222, 0.938, 0.001000
223, 0.936, 0.001000
224, 0.935, 0.001000
225, 0.938, 0.001000
226, 0.935, 0.001000
227, 0.937, 0.001000
228, 0.936, 0.001000
229, 0.936, 0.001000
230, 0.936, 0.001000
231, 0.936, 0.001000
232, 0.936, 0.001000
233, 0.934, 0.001000
234, 0.937, 0.001000
235, 0.934, 0.001000
236, 0.937, 0.001000
237, 0.939, 0.001000
238, 0.937, 0.001000
239, 0.938, 0.001000
240, 0.939, 0.001000
241, 0.937, 0.001000
242, 0.939, 0.001000
243, 0.935, 0.001000
244, 0.937, 0.001000
245, 0.934, 0.001000
246, 0.933, 0.001000
247, 0.937, 0.001000
248, 0.937, 0.001000
249, 0.937, 0.001000
250, 0.935, 0.001000
251, 0.938, 0.001000
252, 0.936, 0.001000
253, 0.934, 0.001000
254, 0.937, 0.001000
255, 0.939, 0.001000
256, 0.937, 0.001000
257, 0.935, 0.001000
258, 0.936, 0.001000
259, 0.934, 0.001000
260, 0.934, 0.001000
261, 0.933, 0.001000
262, 0.931, 0.001000
263, 0.938, 0.001000
264, 0.940, 0.001000
265, 0.936, 0.001000
266, 0.940, 0.001000
267, 0.937, 0.001000
268, 0.938, 0.001000
269, 0.938, 0.001000
270, 0.935, 0.001000
271, 0.933, 0.001000
272, 0.936, 0.001000
273, 0.939, 0.001000
274, 0.935, 0.001000
275, 0.933, 0.001000
276, 0.934, 0.001000
277, 0.935, 0.001000
278, 0.936, 0.001000
279, 0.935, 0.001000
280, 0.937, 0.001000
281, 0.937, 0.001000
282, 0.937, 0.001000
283, 0.933, 0.001000
284, 0.934, 0.001000
285, 0.932, 0.001000
286, 0.933, 0.001000
287, 0.936, 0.001000
288, 0.939, 0.001000
289, 0.937, 0.001000
290, 0.933, 0.001000
291, 0.934, 0.001000
292, 0.933, 0.001000
293, 0.935, 0.001000
294, 0.935, 0.001000
295, 0.931, 0.001000
296, 0.936, 0.001000
297, 0.934, 0.001000
298, 0.933, 0.001000
299, 0.934, 0.001000
300, 0.939, 0.001000
301, 0.939, 0.001000
302, 0.938, 0.001000
303, 0.932, 0.001000
304, 0.934, 0.001000
305, 0.938, 0.001000
306, 0.936, 0.001000
307, 0.934, 0.001000
308, 0.932, 0.001000
309, 0.938, 0.001000
310, 0.937, 0.001000
311, 0.938, 0.001000
312, 0.937, 0.001000
313, 0.935, 0.001000
314, 0.935, 0.001000
315, 0.933, 0.001000
316, 0.936, 0.001000
317, 0.933, 0.001000
318, 0.935, 0.001000
319, 0.937, 0.001000
320, 0.934, 0.001000
321, 0.938, 0.001000
322, 0.936, 0.001000
323, 0.935, 0.001000
324, 0.939, 0.001000
325, 0.934, 0.001000
326, 0.938, 0.001000
327, 0.934, 0.001000
328, 0.938, 0.001000
329, 0.935, 0.001000
330, 0.936, 0.001000
331, 0.934, 0.001000
332, 0.936, 0.001000
333, 0.941, 0.000100
334, 0.943, 0.000100
335, 0.941, 0.000100
336, 0.942, 0.000100
337, 0.944, 0.000100
338, 0.942, 0.000100
339, 0.944, 0.000100
340, 0.941, 0.000100
341, 0.945, 0.000100
342, 0.944, 0.000100
343, 0.945, 0.000100
344, 0.944, 0.000100
345, 0.946, 0.000100
346, 0.946, 0.000100
347, 0.944, 0.000100
348, 0.945, 0.000100
349, 0.944, 0.000100
350, 0.944, 0.000100
351, 0.945, 0.000100
352, 0.944, 0.000100
353, 0.945, 0.000100
354, 0.944, 0.000100
355, 0.943, 0.000100
356, 0.943, 0.000100
357, 0.946, 0.000100
358, 0.947, 0.000100
359, 0.946, 0.000100
360, 0.943, 0.000100
361, 0.942, 0.000100
362, 0.943, 0.000100
363, 0.944, 0.000100
364, 0.943, 0.000100
365, 0.945, 0.000100
366, 0.945, 0.000100
367, 0.942, 0.000100
368, 0.943, 0.000100
369, 0.944, 0.000100
370, 0.945, 0.000100
371, 0.943, 0.000100
372, 0.944, 0.000100
373, 0.946, 0.000100
374, 0.943, 0.000100
375, 0.944, 0.000100
376, 0.945, 0.000100
377, 0.943, 0.000100
378, 0.944, 0.000100
379, 0.945, 0.000100
380, 0.944, 0.000100
381, 0.944, 0.000100
382, 0.946, 0.000100
383, 0.944, 0.000100
384, 0.944, 0.000100
385, 0.945, 0.000100
386, 0.946, 0.000100
387, 0.945, 0.000100
388, 0.944, 0.000100
389, 0.943, 0.000100
390, 0.945, 0.000100
391, 0.946, 0.000100
392, 0.946, 0.000100
393, 0.946, 0.000100
394, 0.945, 0.000100
395, 0.944, 0.000100
396, 0.941, 0.000100
397, 0.944, 0.000100
398, 0.944, 0.000100
399, 0.945, 0.000100
400, 0.947, 0.000100
401, 0.945, 0.000100
402, 0.946, 0.000100
403, 0.946, 0.000100
404, 0.947, 0.000100
405, 0.944, 0.000100
406, 0.945, 0.000100
407, 0.946, 0.000100
408, 0.945, 0.000100
409, 0.944, 0.000100
410, 0.944, 0.000100
411, 0.943, 0.000100
412, 0.944, 0.000100
413, 0.946, 0.000100
414, 0.945, 0.000100
415, 0.944, 0.000100
416, 0.943, 0.000100
417, 0.946, 0.000100
418, 0.943, 0.000100
419, 0.944, 0.000100
420, 0.944, 0.000100
421, 0.945, 0.000100
422, 0.947, 0.000100
423, 0.944, 0.000100
424, 0.945, 0.000100
425, 0.944, 0.000100
426, 0.946, 0.000100
427, 0.947, 0.000100
428, 0.945, 0.000100
429, 0.946, 0.000100
430, 0.943, 0.000100
431, 0.944, 0.000100
432, 0.944, 0.000100
433, 0.942, 0.000100
434, 0.946, 0.000100
435, 0.944, 0.000100
436, 0.944, 0.000100
437, 0.944, 0.000100
438, 0.944, 0.000100
439, 0.942, 0.000100
440, 0.944, 0.000100
441, 0.945, 0.000100
442, 0.942, 0.000100
443, 0.946, 0.000100
444, 0.946, 0.000100
445, 0.943, 0.000100
446, 0.946, 0.000100
447, 0.945, 0.000100
448, 0.944, 0.000100
449, 0.945, 0.000100
450, 0.945, 0.000100
451, 0.946, 0.000100
452, 0.946, 0.000100
453, 0.944, 0.000100
454, 0.945, 0.000100
455, 0.944, 0.000100
456, 0.947, 0.000100
457, 0.942, 0.000100
458, 0.943, 0.000100
459, 0.944, 0.000100
460, 0.943, 0.000100
461, 0.946, 0.000100
462, 0.945, 0.000100
463, 0.944, 0.000100
464, 0.945, 0.000100
465, 0.943, 0.000100
466, 0.943, 0.000100
467, 0.945, 0.000100
468, 0.944, 0.000100
469, 0.944, 0.000100
470, 0.940, 0.000100
471, 0.943, 0.000100
472, 0.945, 0.000100
473, 0.944, 0.000100
474, 0.944, 0.000100
475, 0.946, 0.000100
476, 0.944, 0.000100
477, 0.945, 0.000100
478, 0.945, 0.000100
479, 0.942, 0.000100
480, 0.943, 0.000100
481, 0.942, 0.000100
482, 0.945, 0.000100
483, 0.943, 0.000100
484, 0.944, 0.000100
485, 0.941, 0.000100
486, 0.944, 0.000100
487, 0.944, 0.000100
488, 0.946, 0.000100
489, 0.945, 0.000100
490, 0.947, 0.000100
491, 0.946, 0.000100
492, 0.943, 0.000100
493, 0.945, 0.000100
494, 0.944, 0.000100
495, 0.944, 0.000100
496, 0.945, 0.000100
497, 0.942, 0.000100
498, 0.946, 0.000100
499, 0.944, 0.000100
500, 0.945, 0.000100
501, 0.942, 0.000100
502, 0.944, 0.000100
503, 0.945, 0.000100
504, 0.943, 0.000100
505, 0.946, 0.000100
506, 0.945, 0.000100
507, 0.943, 0.000100
508, 0.943, 0.000100
509, 0.943, 0.000100
510, 0.945, 0.000100
511, 0.943, 0.000100
512, 0.945, 0.000100
513, 0.946, 0.000100
514, 0.942, 0.000100
515, 0.945, 0.000100
516, 0.946, 0.000100
517, 0.946, 0.000100
518, 0.942, 0.000100
519, 0.941, 0.000100
520, 0.944, 0.000100
521, 0.946, 0.000100
522, 0.943, 0.000100
523, 0.946, 0.000100
524, 0.941, 0.000100
525, 0.944, 0.000100
526, 0.942, 0.000100
527, 0.944, 0.000100
528, 0.945, 0.000100
529, 0.942, 0.000100
530, 0.943, 0.000100
531, 0.943, 0.000100
532, 0.947, 0.000100
533, 0.944, 0.000100
534, 0.944, 0.000100
535, 0.944, 0.000100
536, 0.945, 0.000100
537, 0.943, 0.000100
538, 0.945, 0.000100
539, 0.943, 0.000100
540, 0.945, 0.000100
541, 0.942, 0.000100
542, 0.946, 0.000100
543, 0.942, 0.000100
544, 0.944, 0.000100
545, 0.943, 0.000100
546, 0.943, 0.000100
547, 0.944, 0.000100
548, 0.943, 0.000100
549, 0.944, 0.000100
550, 0.943, 0.000100
551, 0.943, 0.000100
552, 0.944, 0.000100
553, 0.942, 0.000100
554, 0.944, 0.000100
555, 0.942, 0.000100
556, 0.942, 0.000100
557, 0.942, 0.000100
558, 0.945, 0.000100
559, 0.945, 0.000100
560, 0.944, 0.000100
561, 0.943, 0.000100
562, 0.942, 0.000100
563, 0.942, 0.000100
564, 0.945, 0.000100
565, 0.944, 0.000100
566, 0.941, 0.000100
567, 0.943, 0.000100
568, 0.943, 0.000100
569, 0.942, 0.000100
570, 0.943, 0.000100
571, 0.942, 0.000100
572, 0.944, 0.000100
573, 0.943, 0.000100
574, 0.944, 0.000100
575, 0.945, 0.000100
576, 0.945, 0.000100
577, 0.945, 0.000100
578, 0.945, 0.000100
579, 0.944, 0.000100
580, 0.945, 0.000100
581, 0.943, 0.000100
582, 0.944, 0.000100
583, 0.943, 0.000100
584, 0.944, 0.000100
585, 0.944, 0.000100
586, 0.944, 0.000100
587, 0.947, 0.000100
588, 0.946, 0.000100
589, 0.945, 0.000100
590, 0.947, 0.000100
591, 0.944, 0.000100
592, 0.945, 0.000100
593, 0.944, 0.000100
594, 0.947, 0.000100
595, 0.946, 0.000100
596, 0.945, 0.000100
597, 0.943, 0.000100
598, 0.945, 0.000100
599, 0.942, 0.000100
600, 0.942, 0.000100
601, 0.946, 0.000100
602, 0.944, 0.000100
603, 0.945, 0.000100
604, 0.944, 0.000100
605, 0.944, 0.000100
606, 0.944, 0.000100
607, 0.945, 0.000100
608, 0.945, 0.000100
609, 0.944, 0.000100
610, 0.946, 0.000100
611, 0.946, 0.000100
612, 0.944, 0.000100
613, 0.943, 0.000100
614, 0.945, 0.000100
615, 0.942, 0.000100
616, 0.944, 0.000100
617, 0.942, 0.000100
618, 0.944, 0.000100
619, 0.944, 0.000100
620, 0.943, 0.000100
621, 0.942, 0.000100
622, 0.945, 0.000100
623, 0.943, 0.000100
624, 0.945, 0.000100
625, 0.943, 0.000100
626, 0.944, 0.000100
627, 0.944, 0.000100
628, 0.943, 0.000100
629, 0.941, 0.000100
630, 0.945, 0.000100
631, 0.943, 0.000100
632, 0.942, 0.000100
633, 0.944, 0.000100
634, 0.941, 0.000100
635, 0.944, 0.000100
636, 0.940, 0.000100
637, 0.943, 0.000100
638, 0.944, 0.000100
639, 0.945, 0.000100
640, 0.944, 0.000100
641, 0.946, 0.000100
642, 0.944, 0.000100
643, 0.944, 0.000100
644, 0.943, 0.000100
645, 0.943, 0.000100
646, 0.943, 0.000100
647, 0.944, 0.000100
648, 0.942, 0.000100
649, 0.944, 0.000100
650, 0.944, 0.000100
651, 0.945, 0.000100
652, 0.947, 0.000100
653, 0.946, 0.000100
654, 0.945, 0.000100
655, 0.945, 0.000100
656, 0.943, 0.000100
657, 0.944, 0.000100
658, 0.944, 0.000100
659, 0.942, 0.000100
660, 0.943, 0.000100
661, 0.942, 0.000100
662, 0.942, 0.000100
663, 0.943, 0.000100
664, 0.944, 0.000100
665, 0.944, 0.000100
666, 0.946, 0.000010
667, 0.943, 0.000010
668, 0.944, 0.000010
669, 0.943, 0.000010
670, 0.942, 0.000010
671, 0.943, 0.000010
672, 0.942, 0.000010
673, 0.943, 0.000010
674, 0.941, 0.000010
675, 0.944, 0.000010
676, 0.942, 0.000010
677, 0.943, 0.000010
678, 0.943, 0.000010
679, 0.944, 0.000010
680, 0.943, 0.000010
681, 0.945, 0.000010
682, 0.943, 0.000010
683, 0.943, 0.000010
684, 0.943, 0.000010
685, 0.944, 0.000010
686, 0.943, 0.000010
687, 0.944, 0.000010
688, 0.943, 0.000010
689, 0.943, 0.000010
690, 0.943, 0.000010
691, 0.943, 0.000010
692, 0.943, 0.000010
693, 0.943, 0.000010
694, 0.943, 0.000010
695, 0.943, 0.000010
696, 0.943, 0.000010
697, 0.943, 0.000010
698, 0.944, 0.000010
699, 0.942, 0.000010
700, 0.943, 0.000010
701, 0.942, 0.000010
702, 0.944, 0.000010
703, 0.945, 0.000010
704, 0.942, 0.000010
705, 0.942, 0.000010
706, 0.940, 0.000010
707, 0.943, 0.000010
708, 0.943, 0.000010
709, 0.943, 0.000010
710, 0.944, 0.000010
711, 0.944, 0.000010
712, 0.944, 0.000010
713, 0.944, 0.000010
714, 0.943, 0.000010
715, 0.943, 0.000010
716, 0.943, 0.000010
717, 0.944, 0.000010
718, 0.943, 0.000010
719, 0.945, 0.000010
720, 0.943, 0.000010
721, 0.944, 0.000010
722, 0.943, 0.000010
723, 0.944, 0.000010
724, 0.943, 0.000010
725, 0.944, 0.000010
726, 0.944, 0.000010
727, 0.942, 0.000010
728, 0.944, 0.000010
729, 0.943, 0.000010
730, 0.944, 0.000010
731, 0.944, 0.000010
732, 0.944, 0.000010
733, 0.944, 0.000010
734, 0.945, 0.000010
735, 0.945, 0.000010
736, 0.942, 0.000010
737, 0.945, 0.000010
738, 0.942, 0.000010
739, 0.940, 0.000010
740, 0.943, 0.000010
741, 0.943, 0.000010
742, 0.942, 0.000010
743, 0.942, 0.000010
744, 0.943, 0.000010
745, 0.944, 0.000010
746, 0.943, 0.000010
747, 0.944, 0.000010
748, 0.942, 0.000010
749, 0.943, 0.000010
750, 0.943, 0.000010
751, 0.945, 0.000010
752, 0.944, 0.000010
753, 0.943, 0.000010
754, 0.946, 0.000010
755, 0.942, 0.000010
756, 0.944, 0.000010
757, 0.944, 0.000010
758, 0.946, 0.000010
759, 0.944, 0.000010
760, 0.944, 0.000010
761, 0.944, 0.000010
762, 0.945, 0.000010
763, 0.945, 0.000010
764, 0.945, 0.000010
765, 0.945, 0.000010
766, 0.945, 0.000010
767, 0.945, 0.000010
768, 0.944, 0.000010
769, 0.946, 0.000010
770, 0.944, 0.000010
771, 0.944, 0.000010
772, 0.945, 0.000010
773, 0.943, 0.000010
774, 0.946, 0.000010
775, 0.944, 0.000010
776, 0.943, 0.000010
777, 0.946, 0.000010
778, 0.944, 0.000010
779, 0.945, 0.000010
780, 0.945, 0.000010
781, 0.945, 0.000010
782, 0.945, 0.000010
783, 0.943, 0.000010
784, 0.944, 0.000010
785, 0.944, 0.000010
786, 0.945, 0.000010
787, 0.944, 0.000010
788, 0.945, 0.000010
789, 0.945, 0.000010
790, 0.942, 0.000010
791, 0.944, 0.000010
792, 0.945, 0.000010
793, 0.944, 0.000010
794, 0.943, 0.000010
795, 0.944, 0.000010
796, 0.945, 0.000010
797, 0.943, 0.000010
798, 0.945, 0.000010
799, 0.944, 0.000010
800, 0.945, 0.000010
801, 0.944, 0.000010
802, 0.945, 0.000010
803, 0.944, 0.000010
804, 0.945, 0.000010
805, 0.945, 0.000010
806, 0.944, 0.000010
807, 0.945, 0.000010
808, 0.944, 0.000010
809, 0.942, 0.000010
810, 0.943, 0.000010
811, 0.944, 0.000010
812, 0.944, 0.000010
813, 0.944, 0.000010
814, 0.944, 0.000010
815, 0.944, 0.000010
816, 0.944, 0.000010
817, 0.946, 0.000010
818, 0.942, 0.000010
819, 0.944, 0.000010
820, 0.944, 0.000010
821, 0.944, 0.000010
822, 0.944, 0.000010
823, 0.944, 0.000010
824, 0.945, 0.000010
825, 0.944, 0.000010
826, 0.945, 0.000010
827, 0.943, 0.000010
828, 0.944, 0.000010
829, 0.946, 0.000010
830, 0.945, 0.000010
831, 0.943, 0.000010
832, 0.945, 0.000010
833, 0.944, 0.000010
834, 0.944, 0.000010
835, 0.944, 0.000010
836, 0.945, 0.000010
837, 0.945, 0.000010
838, 0.944, 0.000010
839, 0.945, 0.000010
840, 0.945, 0.000010
841, 0.943, 0.000010
842, 0.945, 0.000010
843, 0.945, 0.000010
844, 0.944, 0.000010
845, 0.944, 0.000010
846, 0.945, 0.000010
847, 0.943, 0.000010
848, 0.944, 0.000010
849, 0.944, 0.000010
850, 0.943, 0.000010
851, 0.944, 0.000010
852, 0.943, 0.000010
853, 0.944, 0.000010
854, 0.944, 0.000010
855, 0.945, 0.000010
856, 0.945, 0.000010
857, 0.943, 0.000010
858, 0.944, 0.000010
859, 0.942, 0.000010
860, 0.944, 0.000010
861, 0.944, 0.000010
862, 0.945, 0.000010
863, 0.942, 0.000010
864, 0.946, 0.000010
865, 0.946, 0.000010
866, 0.944, 0.000010
867, 0.945, 0.000010
868, 0.945, 0.000010
869, 0.944, 0.000010
870, 0.945, 0.000010
871, 0.942, 0.000010
872, 0.942, 0.000010
873, 0.945, 0.000010
874, 0.946, 0.000010
875, 0.946, 0.000010
876, 0.944, 0.000010
877, 0.944, 0.000010
878, 0.946, 0.000010
879, 0.945, 0.000010
880, 0.945, 0.000010
881, 0.945, 0.000010
882, 0.944, 0.000010
883, 0.942, 0.000010
884, 0.945, 0.000010
885, 0.944, 0.000010
886, 0.945, 0.000010
887, 0.944, 0.000010
888, 0.943, 0.000010
889, 0.943, 0.000010
890, 0.943, 0.000010
891, 0.945, 0.000010
892, 0.944, 0.000010
893, 0.945, 0.000010
894, 0.942, 0.000010
895, 0.941, 0.000010
896, 0.945, 0.000010
897, 0.945, 0.000010
898, 0.945, 0.000010
899, 0.944, 0.000010
900, 0.945, 0.000010
901, 0.945, 0.000010
902, 0.943, 0.000010
903, 0.945, 0.000010
904, 0.944, 0.000010
905, 0.944, 0.000010
906, 0.945, 0.000010
907, 0.946, 0.000010
908, 0.945, 0.000010
909, 0.943, 0.000010
910, 0.945, 0.000010
911, 0.943, 0.000010
912, 0.945, 0.000010
913, 0.942, 0.000010
914, 0.943, 0.000010
915, 0.945, 0.000010
916, 0.944, 0.000010
917, 0.945, 0.000010
918, 0.943, 0.000010
919, 0.943, 0.000010
920, 0.945, 0.000010
921, 0.944, 0.000010
922, 0.944, 0.000010
923, 0.943, 0.000010
924, 0.942, 0.000010
925, 0.944, 0.000010
926, 0.943, 0.000010
927, 0.942, 0.000010
928, 0.944, 0.000010
929, 0.943, 0.000010
930, 0.944, 0.000010
931, 0.945, 0.000010
932, 0.945, 0.000010
933, 0.942, 0.000010
934, 0.944, 0.000010
935, 0.943, 0.000010
936, 0.944, 0.000010
937, 0.943, 0.000010
938, 0.945, 0.000010
939, 0.942, 0.000010
940, 0.941, 0.000010
941, 0.942, 0.000010
942, 0.944, 0.000010
943, 0.943, 0.000010
944, 0.944, 0.000010
945, 0.945, 0.000010
946, 0.944, 0.000010
947, 0.944, 0.000010
948, 0.942, 0.000010
949, 0.943, 0.000010
950, 0.944, 0.000010
951, 0.945, 0.000010
952, 0.943, 0.000010
953, 0.942, 0.000010
954, 0.944, 0.000010
955, 0.945, 0.000010
956, 0.945, 0.000010
957, 0.945, 0.000010
958, 0.942, 0.000010
959, 0.944, 0.000010
960, 0.945, 0.000010
961, 0.944, 0.000010
962, 0.944, 0.000010
963, 0.944, 0.000010
964, 0.945, 0.000010
965, 0.944, 0.000010
966, 0.943, 0.000010
967, 0.945, 0.000010
968, 0.945, 0.000010
969, 0.941, 0.000010
970, 0.942, 0.000010
971, 0.945, 0.000010
972, 0.944, 0.000010
973, 0.943, 0.000010
974, 0.944, 0.000010
975, 0.943, 0.000010
976, 0.944, 0.000010
977, 0.945, 0.000010
978, 0.943, 0.000010
979, 0.944, 0.000010
980, 0.944, 0.000010
981, 0.943, 0.000010
982, 0.943, 0.000010
983, 0.944, 0.000010
984, 0.942, 0.000010
985, 0.945, 0.000010
986, 0.944, 0.000010
987, 0.945, 0.000010
988, 0.942, 0.000010
989, 0.945, 0.000010
990, 0.945, 0.000010
991, 0.944, 0.000010
992, 0.944, 0.000010
993, 0.943, 0.000010
994, 0.945, 0.000010
995, 0.944, 0.000010
996, 0.942, 0.000010
997, 0.943, 0.000010
998, 0.942, 0.000010
999, 0.942, 0.000001
1000, 0.945, 0.000001
